<publishData>
  <publishTarget publishUrl="http://localhost/Reservation/">
    <file relUrl="ReservationService.svc" publishTime="09/16/2008 20:39:15" />
    <file relUrl="bin/Services.dll" publishTime="09/16/2008 20:36:38" />
    <file relUrl="bin/Host.dll" publishTime="09/16/2008 21:00:34" />
    <file relUrl="bin/Services.pdb" publishTime="09/16/2008 20:36:38" />
    <file relUrl="bin/Host.pdb" publishTime="09/16/2008 21:00:33" />
    <file relUrl="Web.config" publishTime="09/16/2008 20:42:49" />
  </publishTarget>
</publishData>